{
  "train_loss": [
    4.9210638310946795,
    2.9037295179135127,
    2.444875860589427,
    1.9434978262719849,
    2.101860221022359,
    2.3143377919735997,
    1.9091464819996824,
    1.8954996143458398,
    1.8452864907500741,
    1.8829825538422418,
    1.753318038621174,
    1.6732026265243944,
    1.549840884488369,
    1.5494895834097364,
    1.4677003112132627,
    1.4536321869223927,
    1.5299254418783774,
    1.4851435700881805,
    1.3785842607631875,
    1.3707121941494158,
    1.388637610259486,
    1.3563331610313982,
    1.3211883132549826,
    1.4171854211537112,
    1.3868962405236154,
    1.2743802856819142,
    1.3016282749789978,
    1.2282646913214643,
    1.2478874546604948,
    1.2782348232378435,
    1.1545000134278436,
    1.2464536194808151,
    1.363967069399374,
    1.294538819568181,
    1.258169517326082,
    1.2943732637022016,
    1.185755392683081,
    1.054496986159951,
    1.1807599901641388,
    1.2035906175004907,
    1.2179809551211727,
    1.2314549708400502,
    1.259123526076561,
    1.320948644427953,
    1.1725231635894557,
    1.235457000473197,
    1.2621522316434695,
    1.3040355118218068,
    1.2189889245790473,
    1.4040149914178044,
    1.3707436618204623,
    1.3024844529802708,
    1.5131784488203188,
    1.3439304678566295,
    1.4481791031036595,
    1.4005276102876458,
    1.479867026870684
  ],
  "train_acc": [
    21.459227467811157,
    41.05865522174535,
    50.64377682403433,
    53.21888412017167,
    57.65379113018598,
    50.21459227467811,
    64.09155937052932,
    60.37195994277539,
    49.64234620886982,
    62.80400572246066,
    69.52789699570816,
    66.95278969957081,
    65.95135908440629,
    67.38197424892704,
    71.67381974248927,
    60.94420600858369,
    68.38340486409156,
    71.10157367668097,
    62.23175965665236,
    63.6623748211731,
    66.66666666666667,
    63.23319027181688,
    65.37911301859799,
    64.52074391988555,
    73.53361945636624,
    57.22460658082976,
    61.802575107296136,
    71.10157367668097,
    66.52360515021459,
    70.81545064377683,
    63.94849785407725,
    65.52217453505007,
    63.80543633762518,
    74.67811158798283,
    52.5035765379113,
    64.09155937052932,
    67.52503576537912,
    72.38912732474964,
    74.8211731044349,
    73.10443490701002,
    67.23891273247496,
    68.09728183118742,
    65.95135908440629,
    65.66523605150215,
    60.65808297567954,
    79.8283261802575,
    59.370529327610875,
    65.52217453505007,
    60.65808297567954,
    64.37768240343348,
    62.374821173104436,
    69.38483547925608,
    47.78254649499285,
    69.09871244635193,
    58.798283261802574,
    40.772532188841204,
    65.37911301859799
  ],
  "val_loss": [
    2.169389937718709,
    2.142587806383769,
    2.042531671524048,
    2.002257671356201,
    1.97454891204834,
    1.9291017564137776,
    1.8717763074239095,
    2.0053447341918944,
    1.9046245098114014,
    1.9201206906636556,
    1.8263238016764323,
    1.8352983093261719,
    1.774881319999695,
    1.6704180494944254,
    1.6251626046498617,
    1.630584665934245,
    1.6189600944519043,
    1.5570038588841757,
    1.5509954516092936,
    1.5734655825297037,
    1.581576828956604,
    1.5483723926544188,
    1.4739445336659749,
    1.5021845563252767,
    1.5175252803166708,
    1.4568082904815673,
    1.497552933692932,
    1.5084413131078085,
    1.4965998967488607,
    1.5022759215037027,
    1.4690216986338298,
    1.440150130589803,
    1.412307742436727,
    1.3814795207977295,
    1.3817897383371989,
    1.4139507548014323,
    1.4181718349456787,
    1.4262350797653198,
    1.3864947573343913,
    1.4341213862101236,
    1.4381179889043172,
    1.4255387767155965,
    1.4469498538970946,
    1.4473715273539225,
    1.4631589158376057,
    1.4410004885991414,
    1.425889786084493,
    1.442630794843038,
    1.4073117033640543,
    1.4428283834457398,
    1.4552799765268962,
    1.4636875947316488,
    1.4447065846125284,
    1.5116082922617595,
    1.5834399541219075,
    1.5487406094868978,
    1.6002323277791342
  ],
  "val_acc": [
    50.666666666666664,
    57.333333333333336,
    59.333333333333336,
    59.333333333333336,
    56.666666666666664,
    60.666666666666664,
    62.0,
    60.0,
    61.333333333333336,
    61.333333333333336,
    62.0,
    64.0,
    62.666666666666664,
    67.33333333333333,
    64.66666666666667,
    66.66666666666667,
    65.33333333333333,
    68.0,
    69.33333333333333,
    70.66666666666667,
    69.33333333333333,
    68.0,
    70.66666666666667,
    70.66666666666667,
    70.0,
    70.66666666666667,
    72.0,
    69.33333333333333,
    69.33333333333333,
    68.0,
    70.0,
    70.66666666666667,
    72.0,
    72.0,
    70.66666666666667,
    67.33333333333333,
    66.0,
    66.0,
    68.66666666666667,
    65.33333333333333,
    64.66666666666667,
    65.33333333333333,
    63.333333333333336,
    64.66666666666667,
    66.66666666666667,
    66.66666666666667,
    64.0,
    63.333333333333336,
    64.0,
    64.0,
    64.66666666666667,
    66.0,
    66.0,
    63.333333333333336,
    62.0,
    62.666666666666664,
    62.666666666666664
  ]
}