{
  "train_loss": [
    2.3011009476401587,
    2.249346212907271,
    2.1834745623848657,
    2.1473112323067407,
    2.124863862991333,
    2.080783562226729,
    2.0391411889683115,
    2.0163399414582686,
    1.9714259451085872,
    1.9637762741609053,
    1.9488778114318848,
    1.962036663835699,
    1.923561237075112,
    1.9093149250203914,
    1.8752121816981921,
    1.8903445330533115,
    1.8557275858792392,
    1.865396337075667,
    1.8196882768110796,
    1.7944929274645718,
    1.8282578099857678,
    1.826520475474271,
    1.8431904749436812,
    1.7592174031517722,
    1.7476875131780452,
    1.7215310443531384,
    1.707990657199513,
    1.7257416681809858,
    1.7028278004039417,
    1.7091656056317417,
    1.6795628395947544,
    1.636338710784912,
    1.6567642905495383,
    1.635325388474898,
    1.6026365540244363,
    1.58131066235629,
    1.6342048753391614,
    1.5739082423123447,
    1.63333937254819,
    1.62178204276345,
    1.5734251954338767,
    1.5522062236612493,
    1.6082570986314253,
    1.6193551366979426,
    1.5729982636191628,
    1.5246975313533435,
    1.5369951833378186,
    1.5455295064232566,
    1.5883404341610996,
    1.5360856706445867,
    1.5725400664589622,
    1.5905413085764104,
    1.5971332680095325,
    1.5409146655689587,
    1.5276920578696511,
    1.57456036047502,
    1.551291454922069
  ],
  "train_acc": [
    11.444921316165951,
    15.736766809728183,
    19.45636623748212,
    21.17310443490701,
    23.175965665236053,
    22.17453505007153,
    24.034334763948497,
    25.03576537911302,
    26.32331902718169,
    25.321888412017167,
    26.32331902718169,
    26.03719599427754,
    27.32474964234621,
    30.61516452074392,
    30.61516452074392,
    27.75393419170243,
    31.61659513590844,
    30.185979971387695,
    30.185979971387695,
    31.759656652360515,
    32.04577968526466,
    29.613733905579398,
    29.470672389127326,
    34.76394849785408,
    34.90701001430615,
    33.61945636623748,
    35.479256080114446,
    34.76394849785408,
    37.19599427753934,
    36.05150214592275,
    37.05293276108727,
    37.19599427753934,
    36.76680972818312,
    37.911301859799714,
    37.48211731044349,
    41.9170243204578,
    39.91416309012875,
    40.2002861230329,
    39.62804005722461,
    38.76967095851216,
    40.772532188841204,
    41.77396280400572,
    39.48497854077253,
    38.054363376251786,
    39.77110157367668,
    43.06151645207439,
    42.06008583690987,
    40.34334763948498,
    41.9170243204578,
    42.20314735336195,
    40.915593705293276,
    40.34334763948498,
    38.62660944206009,
    42.63233190271817,
    44.062947067238916,
    41.9170243204578,
    40.34334763948498
  ],
  "val_loss": [
    2.305670976638794,
    2.189948876698812,
    2.1421695550282798,
    2.018574039141337,
    1.950363039970398,
    2.1664183934529624,
    1.896061937014262,
    1.909759561220805,
    1.8687920173009236,
    1.7633343140284221,
    1.766916314760844,
    1.8191981315612793,
    1.7637131611506145,
    1.6940886974334717,
    1.6792547702789307,
    1.6920363903045654,
    1.6486021280288696,
    1.6275465488433838,
    1.6409584283828735,
    1.5793544848759968,
    1.523121953010559,
    1.64826504389445,
    1.5888666311899822,
    1.5531497399012248,
    1.5156954924265544,
    1.4942344427108765,
    1.4664063851038616,
    1.4971966743469238,
    1.4500438769658406,
    1.4356904029846191,
    1.500588297843933,
    1.4983405669530232,
    1.4107651710510254,
    1.3838985363642375,
    1.3615985711415608,
    1.3425280253092449,
    1.3721473217010498,
    1.39479927221934,
    1.359183390935262,
    1.4117451906204224,
    1.320124626159668,
    1.3172472715377808,
    1.3469128211339314,
    1.4712899128595989,
    1.3809051116307576,
    1.3313925663630168,
    1.3259036938349407,
    1.304210940996806,
    1.3543038765589397,
    1.359207034111023,
    1.3607896169026692,
    1.3822905619939168,
    1.297500491142273,
    1.2887384096781414,
    1.37082306543986,
    1.3258444865544636,
    1.355542818705241
  ],
  "val_acc": [
    10.0,
    17.333333333333332,
    17.333333333333332,
    26.0,
    28.0,
    18.666666666666668,
    26.666666666666668,
    26.666666666666668,
    28.666666666666668,
    28.0,
    30.0,
    28.666666666666668,
    29.333333333333332,
    32.0,
    30.0,
    30.666666666666668,
    33.333333333333336,
    31.333333333333332,
    32.666666666666664,
    36.666666666666664,
    33.333333333333336,
    37.333333333333336,
    34.666666666666664,
    36.666666666666664,
    38.0,
    38.0,
    36.0,
    34.0,
    42.0,
    37.333333333333336,
    38.666666666666664,
    36.666666666666664,
    41.333333333333336,
    41.333333333333336,
    46.666666666666664,
    40.666666666666664,
    44.0,
    40.0,
    44.666666666666664,
    39.333333333333336,
    47.333333333333336,
    52.666666666666664,
    44.666666666666664,
    42.666666666666664,
    44.666666666666664,
    47.333333333333336,
    49.333333333333336,
    42.0,
    47.333333333333336,
    44.0,
    42.666666666666664,
    43.333333333333336,
    46.666666666666664,
    49.333333333333336,
    42.666666666666664,
    49.333333333333336,
    42.666666666666664
  ],
  "lr": [
    0.001,
    0.001,
    0.001,
    0.001,
    0.001,
    0.001,
    0.001,
    0.001,
    0.001,
    0.001,
    0.001,
    0.001,
    0.001,
    0.001,
    0.001,
    0.001,
    0.001,
    0.001,
    0.001,
    0.001,
    0.001,
    0.001,
    0.001,
    0.001,
    0.001,
    0.001,
    0.001,
    0.001,
    0.001,
    0.001,
    0.001,
    0.001,
    0.001,
    0.001,
    0.001,
    0.001,
    0.001,
    0.001,
    0.001,
    0.001,
    0.001,
    0.001,
    0.001,
    0.001,
    0.001,
    0.001,
    0.001,
    0.001,
    0.001,
    0.001,
    0.001,
    0.001,
    0.001,
    0.001,
    0.001,
    0.001,
    0.001
  ]
}