{
  "train_loss": [
    2.346466963941401,
    2.238895232027227,
    2.1647016351873223,
    2.102310446175662,
    2.0930311354723843,
    2.0471975857561286,
    2.0039415738799353,
    1.981683080846613,
    1.962922220880335,
    1.957475326277993,
    1.9765095764940435,
    1.9689558310942217,
    1.9395236318761653,
    1.8895577734166926,
    1.890670814297416,
    1.8572438901120967,
    1.8262622085484592,
    1.8481338836930015,
    1.8444116819988599,
    1.8001673221588135,
    1.7823872403665022,
    1.7686112252148716,
    1.7766167467290706,
    1.7530583630908618,
    1.7327146855267612,
    1.752510217103091,
    1.7597217722372576,
    1.765243730761788,
    1.7069678740067915,
    1.7205238125540994,
    1.740495047786019,
    1.7893701629205183,
    1.7791569232940674,
    1.7510057308457114,
    1.7496463114565068,
    1.7452610351822593,
    1.7172215580940247,
    1.7409088123928418,
    1.6993860494006763,
    1.6454023935578086,
    1.6842092600735752,
    1.6597729542038657,
    1.6590405865149065,
    1.6389270370656794,
    1.6531730619343845,
    1.6233105984601108,
    1.6347093202851035,
    1.6448964259841226,
    1.6339293718338013,
    1.6321527470241894,
    1.6073007583618164,
    1.5944148843938655,
    1.58376745744185,
    1.5263855348933826,
    1.5960264856165105,
    1.5368353561921553,
    1.5529174154455012,
    1.5144729831001975,
    1.538378585468639,
    1.5383482575416565,
    1.5213349895043806,
    1.5286332748152993,
    1.5334573659029873,
    1.5263010751117358,
    1.534667963331396,
    1.4996331063183872,
    1.5081490982662549,
    1.529768699949438,
    1.5279777320948513,
    1.5075066143816167,
    1.6190959486094387,
    1.56342336806384,
    1.5898753296245227,
    1.5935497825795955,
    1.5867889306762002,
    1.5391477671536533,
    1.5851509191773154,
    1.5278852744535967,
    1.5658734224059365,
    1.5262074091217734,
    1.532079983841289,
    1.55437524210323,
    1.5544601516290144,
    1.5173786336725408,
    1.5152101625095715,
    1.518296398899772,
    1.560554948720065,
    1.4907321713187478,
    1.5233448364517905,
    1.5077809745615178,
    1.4884675307707353,
    1.497287018732591,
    1.4536665894768455,
    1.455379139293324,
    1.4878024784001438,
    1.4434924613345752,
    1.4374820752577349,
    1.4758020043373108,
    1.4527939558029175,
    1.3973937251351096
  ],
  "train_acc": [
    13.733905579399142,
    18.59799713876967,
    19.313304721030043,
    23.319027181688124,
    25.46494992846924,
    28.183118741058657,
    28.898426323319025,
    28.469241773962803,
    32.33190271816881,
    32.904148783977114,
    28.898426323319025,
    28.755364806866954,
    30.32904148783977,
    32.61802575107296,
    34.76394849785408,
    35.336194563662374,
    37.33905579399141,
    37.33905579399141,
    36.90987124463519,
    36.05150214592275,
    37.76824034334764,
    41.48783977110158,
    39.34191702432046,
    38.91273247496424,
    43.63376251788269,
    38.054363376251786,
    40.05722460658083,
    41.3447782546495,
    44.77825464949928,
    40.05722460658083,
    42.48927038626609,
    38.483547925608015,
    39.62804005722461,
    40.05722460658083,
    40.05722460658083,
    40.915593705293276,
    42.77539341917024,
    42.918454935622314,
    43.06151645207439,
    46.065808297567955,
    43.63376251788269,
    46.63805436337625,
    45.92274678111588,
    47.21030042918455,
    45.35050071530758,
    46.78111587982833,
    47.4964234620887,
    46.49499284692418,
    45.63662374821173,
    48.06866952789699,
    47.78254649499285,
    49.35622317596567,
    49.92846924177396,
    55.79399141630901,
    51.78826895565093,
    52.07439198855508,
    52.36051502145923,
    56.08011444921316,
    53.79113018597997,
    52.07439198855508,
    52.64663805436338,
    51.216022889842634,
    50.92989985693848,
    54.07725321888412,
    53.21888412017167,
    55.50786838340486,
    54.07725321888412,
    54.506437768240346,
    53.0758226037196,
    56.509298998569385,
    46.49499284692418,
    50.78683834048641,
    51.359084406294706,
    49.49928469241774,
    49.07010014306152,
    53.50500715307582,
    50.64377682403433,
    53.648068669527895,
    50.64377682403433,
    52.64663805436338,
    54.79256080114449,
    49.49928469241774,
    52.5035765379113,
    52.78969957081545,
    54.220314735336196,
    53.79113018597997,
    48.927038626609445,
    56.93848354792561,
    55.36480686695279,
    55.937052932761084,
    54.220314735336196,
    52.64663805436338,
    57.65379113018598,
    57.36766809728183,
    55.79399141630901,
    57.79685264663805,
    58.22603719599428,
    54.64949928469242,
    58.36909871244635,
    60.22889842632332
  ],
  "val_loss": [
    2.2562434673309326,
    2.1419084072113037,
    1.981990361213684,
    2.0189361572265625,
    1.8923948287963868,
    1.9081462144851684,
    1.919291043281555,
    1.8504031658172608,
    1.838939619064331,
    1.8349242448806762,
    1.7873533964157104,
    1.7787712335586547,
    1.7139514923095702,
    1.692048764228821,
    1.6975271224975585,
    1.7468324422836303,
    1.71551570892334,
    1.634473729133606,
    1.6268202066421509,
    1.6039182424545289,
    1.6113019704818725,
    1.5806416034698487,
    1.5766925096511841,
    1.595559287071228,
    1.5620269060134888,
    1.560977816581726,
    1.5637395143508912,
    1.560624623298645,
    1.5549547910690307,
    1.5560376405715943,
    1.5697582721710206,
    1.5404359340667724,
    1.5367364883422852,
    1.5180556774139404,
    1.5087794065475464,
    1.5286373376846314,
    1.5433987140655518,
    1.5106614589691163,
    1.523387622833252,
    1.4681024551391602,
    1.4544817686080933,
    1.4767941951751709,
    1.4587412834167481,
    1.4520883560180664,
    1.4222315788269042,
    1.4431292295455933,
    1.4274425029754638,
    1.4474550008773803,
    1.4355196475982666,
    1.4316606521606445,
    1.4187182664871216,
    1.4119230508804321,
    1.4013009786605835,
    1.3870243310928345,
    1.4006407260894775,
    1.3694819450378417,
    1.3901479959487915,
    1.3934764623641969,
    1.3661640167236329,
    1.367231583595276,
    1.3622118711471558,
    1.3622267961502075,
    1.3655680418014526,
    1.3695004463195801,
    1.3700336456298827,
    1.3601889848709106,
    1.3557860851287842,
    1.3632163524627685,
    1.3576835155487061,
    1.3565554857254027,
    1.4471755981445313,
    1.3635599136352539,
    1.383402419090271,
    1.3588119983673095,
    1.4459277391433716,
    1.3687240362167359,
    1.4138586282730103,
    1.3753074884414673,
    1.3399526834487916,
    1.340603804588318,
    1.358188009262085,
    1.34518301486969,
    1.362153458595276,
    1.404519534111023,
    1.2835397720336914,
    1.395341157913208,
    1.337986445426941,
    1.3394470691680909,
    1.3092297554016112,
    1.3796835660934448,
    1.3338507413864136,
    1.3096785306930543,
    1.2815426111221313,
    1.346250581741333,
    1.3649190664291382,
    1.2650827646255494,
    1.2829261302947998,
    1.3230549335479735,
    1.2797067880630493,
    1.2671964168548584
  ],