{
  "train_loss": [
    2.2841521826657383,
    2.2346549142490733,
    2.150376937606118,
    2.12523353099823,
    2.1187030293724756,
    2.089580010284077,
    2.057821913198991,
    1.9946826967326077,
    1.95544541423971,
    1.9821000532670454,
    1.9235980944199995,
    1.9215845411474055,
    1.9396549463272095,
    1.900245888666673,
    1.888172604820945,
    1.8726209510456433,
    1.8960988413203845,
    1.8683951822194187,
    1.8956115570935337,
    1.8915500803427263,
    1.8712181557308545,
    1.8814904581416736,
    1.863657832145691,
    1.8787876638499172,
    1.871219895102761,
    1.8426527976989746,
    1.8123227141120217,
    1.8165228908712214,
    1.8077395829287441,
    1.812895335934379,
    1.7603382143107327,
    1.7746507633816113,
    1.748989999294281,
    1.7376409281383862,
    1.7477283531969243,
    1.759180643341758,
    1.7605585835196755,
    1.741858184337616,
    1.7391170263290405,
    1.716736072843725,
    1.7785398038950833,
    1.7641227895563298,
    1.742023679343137,
    1.7384130629626187,
    1.728291858326305,
    1.7387235706502742,
    1.700978615067222,
    1.7306127223101528,
    1.6843663833358071,
    1.7130571495402942,
    1.678736919706518,
    1.6751677014610984,
    1.6585372578014026,
    1.6302295110442422,
    1.6074916070157832,
    1.6556741378524087,
    1.6071790185841648,
    1.5993207151239568,
    1.6487724022431807,
    1.6481566483324224,
    1.6718808520923962,
    1.6648295792666348,
    1.643208541653373,
    1.742905703457919,
    1.6540961428122087,
    1.6243590766733342,
    1.6224046728827737,
    1.6154041994701733,
    1.5990356640382246,
    1.6390114534984936,
    1.573939567262476,
    1.5756539160555059,
    1.5887109312144192,
    1.5720902356234463,
    1.564516538923437,
    1.5506454706192017,
    1.5803329402750188,
    1.5600271224975586,
    1.5486629496921192,
    1.5608479163863442,
    1.5492538213729858,
    1.5440260171890259,
    1.60004215890711,
    1.621034102006392,
    1.604509169405157,
    1.577667312188582,
    1.5450606454502454,
    1.5511989160017534,
    1.5468404997478833
  ],
  "train_acc": [
    14.449213161659513,
    18.59799713876967,
    20.74391988555079,
    23.175965665236053,
    22.889842632331902,
    22.889842632331902,
    26.75250357653791,
    32.761087267525035,
    31.473533619456365,
    33.047210300429185,
    32.61802575107296,
    32.04577968526466,
    34.620886981402,
    33.90557939914163,
    37.19599427753934,
    35.7653791130186,
    36.19456366237482,
    36.90987124463519,
    34.19170243204578,
    32.61802575107296,
    37.911301859799714,
    36.19456366237482,
    37.33905579399141,
    36.90987124463519,
    38.054363376251786,
    38.340486409155936,
    37.33905579399141,
    38.483547925608015,
    39.19885550786838,
    41.63090128755365,
    40.05722460658083,
    42.20314735336195,
    42.06008583690987,
    41.9170243204578,
    41.3447782546495,
    41.48783977110158,
    41.3447782546495,
    43.347639484978544,
    43.347639484978544,
    44.20600858369099,
    45.20743919885551,
    40.915593705293276,
    41.9170243204578,
    42.63233190271817,
    45.06437768240343,
    43.204577968526465,
    47.21030042918455,
    43.63376251788269,
    43.91988555078684,
    41.77396280400572,
    47.21030042918455,
    46.20886981402003,
    49.07010014306152,
    49.21316165951359,
    47.63948497854077,
    50.07153075822604,
    50.50071530758226,
    53.21888412017167,
    46.9241773962804,
    45.779685264663804,
    46.20886981402003,
    47.78254649499285,
    49.21316165951359,
    42.77539341917024,
    47.35336194563662,
    49.64234620886982,
    49.49928469241774,
    48.640915593705294,
    50.21459227467811,
    49.92846924177396,
    52.21745350500715,
    51.359084406294706,
    50.92989985693848,
    53.50500715307582,
    51.216022889842634,
    51.502145922746784,
    52.36051502145923,
    52.21745350500715,
    52.5035765379113,
    52.07439198855508,
    54.220314735336196,
    53.648068669527895,
    51.359084406294706,
    48.783977110157366,
    49.92846924177396,
    50.78683834048641,
    52.64663805436338,
    54.79256080114449,
    52.78969957081545
  ],
  "val_loss": [
    2.26347131729126,
    2.1474491119384767,
    2.088424301147461,
    2.064331555366516,
    1.9935437440872192,
    1.9389020442962646,
    1.8759867668151855,
    1.8282389640808105,
    1.7918594360351563,
    1.782991313934326,
    1.7648754596710206,
    1.7410286903381347,
    1.7351821422576905,
    1.7095050811767578,
    1.7031955003738404,
    1.694720983505249,
    1.6948566913604737,
    1.6869049549102784,
    1.6879205703735352,
    1.6895782232284546,
    1.678476881980896,
    1.701906180381775,
    1.6729635715484619,
    1.6559651613235473,
    1.6561988115310669,
    1.6443914651870728,
    1.6257428884506226,
    1.6063355445861816,
    1.5953635454177857,
    1.5693524122238158,
    1.5673334360122682,
    1.5535267353057862,
    1.5453045129776002,
    1.529941725730896,
    1.5251824855804443,
    1.526603603363037,
    1.523760485649109,
    1.52274808883667,
    1.5291828870773316,
    1.524516797065735,
    1.5590749263763428,
    1.6401505947113038,
    1.5088621854782105,
    1.5414127349853515,
    1.5927273988723756,
    1.4985609292984008,
    1.5115488290786743,
    1.5025031328201295,
    1.498201036453247,
    1.479828405380249,
    1.5077560663223266,
    1.4798641681671143,
    1.4768938779830934,
    1.4674000978469848,
    1.4654993057250976,
    1.452823781967163,
    1.4517555952072143,
    1.4582679510116576,
    1.4491475343704223,
    1.4517151355743407,
    1.4710056781768799,
    1.5200572967529298,
    1.5306565523147584,
    1.470911407470703,
    1.4869725227355957,
    1.4849382877349853,
    1.4865613222122191,
    1.450102114677429,
    1.455759382247925,
    1.4564619779586792,
    1.4556849241256713,
    1.436249804496765,
    1.4261642217636108,
    1.41895272731781,
    1.4177385807037353,
    1.4159889698028565,
    1.4102723121643066,
    1.4152316331863404,
    1.4158055305480957,
    1.4087708711624145,
    1.4672662734985351,
    1.4865237474441528,
    1.4507508516311645,
    1.4561330795288085,
    1.451246976852417,
    1.42924964427948,
    1.4083309650421143,
    1.4164762496948242,
    1.391857647895813
  ],
  "val_acc": [
    19.333333333333332,
    19.333333333333332,
    18.666666666666668,
    21.333333333333332,
    27.333333333333332,
    32.666666666666664,
    32.0,
    32.0,
    35.333333333333336,
    33.333333333333336,
    34.0,
    36.0,
    34.0,
    40.666666666666664,
    38.666666666666664,
    40.0,
    38.0,
    40.0,
    39.333333333333336,
    39.333333333333336,
    39.333333333333336,
    38.666666666666664,
    43.333333333333336,
    43.333333333333336,
    40.666666666666664,
    41.333333333333336,
    41.333333333333336,
    41.333333333333336,
    50.0,
    50.666666666666664,
    48.0,
    48.0,
    50.0,
    52.0,
    52.0,
    50.0,
    48.666666666666664,
    50.0,
    49.333333333333336,
    49.333333333333336,
    48.0,
    41.333333333333336,
    54.666666666666664,
    51.333333333333336,
    46.0,
    56.0,
    52.0,
    54.0,
    52.666666666666664,
    56.0,
    52.0,
    53.333333333333336,
    52.666666666666664,
    54.0,
    54.0,
    53.333333333333336,
    56.666666666666664,
    55.333333333333336,
    53.333333333333336,
    54.666666666666664,
    54.666666666666664,
    52.666666666666664,
    52.666666666666664,
    62.0,
    54.666666666666664,
    54.666666666666664,
    52.666666666666664,
    56.666666666666664,
    60.0,
    55.333333333333336,
    58.0,
    56.0,
    58.0,
    60.0,
    60.0,
    60.0,
    59.333333333333336,
    58.666666666666664,
    58.666666666666664,
    60.666666666666664,
    56.0,
    55.333333333333336,
    55.333333333333336,
    58.666666666666664,
    58.0,
    59.333333333333336,
    60.0,
    56.0,
    61.333333333333336
  ]
}