{
  "train_loss": [
    10.544799436222423,
    5.921477502042597,
    3.856851138851859,
    2.9730816916985945,
    2.6085890260609714,
    2.432070168581876,
    2.413607331839475,
    2.3756245103749363,
    2.3607821843840857,
    2.305653615431352,
    2.361679667776281,
    2.332518517971039,
    2.353913101282987,
    2.3204778757962314,
    2.321817555210807,
    2.3148089972409336,
    2.3165528124028985,
    2.324293385852467,
    2.30316978151148,
    2.3110515150156887,
    2.3068380030718716,
    2.284259411421689,
    2.2896947210485283,
    2.274533450603485,
    2.279058253223246,
    2.2569667127999393,
    2.2567807625640524,
    2.2867626493627373,
    2.2337800535288723,
    2.2606189169666986,
    2.2333747148513794,
    2.2357030510902405,
    2.257622017101808,
    2.24728725715117,
    2.2499902465126733,
    2.2097472656856882,
    2.2551757964220913,
    2.2260507263920526,
    2.228736601092599,
    2.2296738109805365,
    2.2374049668962304,
    2.224911578676917,
    2.1981096159328115,
    2.231105002489957,
    2.2125102931802925,
    2.231116159395738,
    2.248724487694827,
    2.237463420087641,
    2.2059548632665114,
    2.253191048448736,
    2.197125857526606,
    2.2115641859444706,
    2.2291152341799303,
    2.1783172569491644,
    2.2122189754789527,
    2.2089809721166436,
    2.1765467930923807,
    2.1925181069157342,
    2.2015717300501736,
    2.1713873229243537,
    2.17988366430456,
    2.188843496821143,
    2.166537867351012,
    2.189481970938769,
    2.1817102296785875,
    2.1647614538669586,
    2.154995487494902,
    2.1161788160150703,
    2.1674096150831743,
    2.1297567080367696,
    2.1430738514119927,
    2.166769117116928,
    2.096264207904989,
    2.1394351070577446,
    2.1314915770834144,
    2.1168870438228953,
    2.1048213812437924,
    2.1224504004825246,
    2.1356692070310768,
    2.12440745938908,
    2.1079492921178993,
    2.1319367533380333,
    2.1018232242627577,
    2.1107510897246273,
    2.071683030236851,
    2.090841268951243,
    2.116905442693017,
    2.113950943404978,
    2.1159363470294257,
    2.061372908678922,
    2.0810182853178545
  ],
  "train_acc": [
    9.72818311874106,
    9.871244635193133,
    12.73247496423462,
    8.44062947067239,
    12.446351931330472,
    14.163090128755364,
    11.301859799713878,
    12.160228898426324,
    12.875536480686696,
    11.301859799713878,
    11.158798283261802,
    11.7310443490701,
    10.729613733905579,
    12.160228898426324,
    12.160228898426324,
    13.01859799713877,
    14.02002861230329,
    13.304721030042918,
    14.735336194563663,
    13.590844062947067,
    12.303290414878397,
    16.02288984263233,
    16.738197424892704,
    15.450643776824034,
    15.879828326180258,
    15.736766809728183,
    15.879828326180258,
    16.738197424892704,
    17.59656652360515,
    15.164520743919885,
    16.59513590844063,
    18.59799713876967,
    17.167381974248926,
    17.59656652360515,
    17.310443490701,
    19.88555078683834,
    19.59942775393419,
    18.16881258941345,
    21.316165951359086,
    18.454935622317596,
    16.30901287553648,
    21.602288984263232,
    19.170243204577968,
    20.314735336194563,
    20.74391988555079,
    21.030042918454935,
    17.739628040057223,
    18.88412017167382,
    21.17310443490701,
    17.453505007153076,
    20.314735336194563,
    20.600858369098713,
    19.88555078683834,
    22.031473533619458,
    20.600858369098713,
    19.742489270386265,
    18.59799713876967,
    21.888412017167383,
    23.032904148783977,
    23.319027181688124,
    23.891273247496425,
    21.888412017167383,
    23.319027181688124,
    20.74391988555079,
    23.319027181688124,
    24.74964234620887,
    23.74821173104435,
    25.751072961373392,
    22.603719599427755,
    23.4620886981402,
    24.177396280400572,
    24.177396280400572,
    27.03862660944206,
    24.034334763948497,
    22.889842632331902,
    26.895565092989987,
    27.467811158798284,
    25.894134477825464,
    24.74964234620887,
    21.745350500715308,
    25.03576537911302,
    23.319027181688124,
    26.180257510729614,
    24.177396280400572,
    28.326180257510728,
    25.608011444921317,
    25.321888412017167,
    25.46494992846924,
    24.177396280400572,
    25.46494992846924,
    25.751072961373392
  ],
  "val_loss": [
    2.322958755493164,
    2.254350209236145,
    2.220684838294983,
    2.2256667613983154,
    2.289276432991028,
    2.302718687057495,
    2.296733355522156,
    2.2995012760162354,
    2.300079369544983,
    2.2991257905960083,
    2.300154757499695,
    2.301463174819946,
    2.301242637634277,
    2.3023838996887207,
    2.3017841577529907,
    2.300344371795654,
    2.272764873504639,
    2.212996315956116,
    2.2777990818023683,
    2.246640110015869,
    2.2416531801223756,
    2.209077167510986,
    2.2396032094955443,
    2.2355358362197877,
    2.2271300554275513,
    2.1930378675460815,
    2.1798941135406493,
    2.2168426752090453,
    2.1888230800628663,
    2.1856494903564454,
    2.191463279724121,
    2.1935115814208985,
    2.149576997756958,
    2.1827906131744386,
    2.155702066421509,
    2.150739312171936,
    2.1484642744064333,
    2.1442285537719727,
    2.138134407997131,
    2.1330740213394166,
    2.1417577981948854,
    2.1374883890151977,
    2.1373923301696776,
    2.154510569572449,
    2.154202675819397,
    2.2025529384613036,
    2.142803168296814,
    2.141429233551025,
    2.1596065282821657,
    2.174671244621277,
    2.130397629737854,
    2.100323033332825,
    2.10322083234787,
    2.0301737189292908,
    2.101135563850403,
    2.116669273376465,
    2.0923310279846192,
    2.080526351928711,
    2.1090470790863036,
    2.0390403032302857,
    2.0633481979370116,
    2.0809964299201966,
    2.0708848357200624,
    2.0704256176948546,
    2.0210049152374268,
    2.0695597529411316,
    2.0344657421112062,
    2.0436897397041323,
    2.005745303630829,
    2.0159243822097777,
    2.0052151441574098,
    2.0249476194381715,
    1.9807040333747863,
    1.9967947959899903,
    2.014440584182739,
    2.007098174095154,
    1.9855277061462402,
    2.0207405924797057,
    1.9905378460884093,
    1.9684258580207825,
    1.9682271003723144,
    1.9991777420043946,
    1.9897942423820496,
    1.9569926261901855,
    1.9775020360946656,
    1.9408482789993287,
    1.9479463577270508,
    1.9691728591918944,
    1.9692567944526673,
    1.9510334491729737,
    1.952513337135315
  ],