{
  "train_loss": [
    2.2594440525228325,
    2.0958860462362114,
    1.9449301903898066,
    1.8582262288440357,
    1.8420123674652793,
    1.764030852101066,
    1.708823176947507,
    1.6680323644117876,
    1.6399118195880542,
    1.5396705703301863,
    1.480177017775449,
    1.384427081454884,
    1.322671570561149,
    1.296727473085577,
    1.2299073799089952,
    1.206099976192821,
    1.1326602047139949,
    1.1298211162740535,
    1.1013752547177402,
    1.088973199779337,
    1.2545620961622759,
    1.39309453422373,
    1.3499714948914268,
    1.3001894138076089,
    1.2043006040833213,
    1.1767618656158447,
    1.07195338064974,
    1.007037734443491,
    1.016097063368017,
    0.9432642947543751,
    0.8876667862588709,
    0.8835477693514391,
    0.8137555149468508,
    0.7741835875944658,
    0.7385024699297819,
    0.7078377252275293,
    0.6943696168336001,
    0.6997463513504375,
    0.6827689869837328,
    0.6713812893087213,
    0.8851072029633955,
    0.9123414836146615,
    0.9177055196328596,
    0.9611718410795386,
    0.8840552378784526,
    0.8935358009555123,
    0.7856300500306216,
    0.7907879190011458,
    0.7364510270682249,
    0.74078538201072,
    0.6818214627829465,
    0.6716007156805559,
    0.6561389267444611,
    0.6207432855259288,
    0.6111435294151306,
    0.6093751544302161,
    0.5936589295213873,
    0.5944638550281525,
    0.5829303996129469,
    0.5900868041948839,
    0.6538905853574927,
    0.7430971671234478,
    0.8116850717501207,
    0.7593358944762837,
    0.7664135721596804,
    0.7330900999632749,
    0.6959643797440962,
    0.6788445765321905,
    0.653198702768846,
    0.6331672478805889,
    0.6169561825015328,
    0.6189063137227838,
    0.6039026379585266,
    0.6049726632508364,
    0.5752071304754778,
    0.5759772062301636
  ],
  "train_acc": [
    16.738197424892704,
    26.75250357653791,
    30.61516452074392,
    33.61945636623748,
    35.050071530758224,
    40.05722460658083,
    45.06437768240343,
    44.63519313304721,
    47.63948497854077,
    50.35765379113018,
    53.648068669527895,
    58.6552217453505,
    64.2346208869814,
    64.94992846924177,
    69.09871244635193,
    69.241773962804,
    73.2474964234621,
    74.10586552217454,
    75.67954220314735,
    75.82260371959943,
    67.6680972818312,
    60.22889842632332,
    62.51788268955651,
    67.81115879828326,
    72.24606580829757,
    72.38912732474964,
    78.68383404864092,
    82.54649499284693,
    80.25751072961373,
    83.97711015736766,
    87.26752503576537,
    87.41058655221745,
    91.84549356223177,
    92.84692417739628,
    94.27753934191702,
    95.70815450643777,
    96.13733905579399,
    96.28040057224607,
    97.56795422031473,
    97.42489270386267,
    88.12589413447783,
    85.4077253218884,
    84.12017167381974,
    82.83261802575107,
    86.40915593705293,
    86.69527896995709,
    91.98855507868383,
    91.84549356223177,
    94.27753934191702,
    93.8483547925608,
    96.28040057224607,
    97.28183118741059,
    97.28183118741059,
    98.99856938483548,
    98.56938483547926,
    98.56938483547926,
    98.99856938483548,
    99.57081545064378,
    99.57081545064378,
    99.4277539341917,
    96.85264663805437,
    93.56223175965665,
    89.9856938483548,
    92.41773962804005,
    90.55793991416309,
    93.56223175965665,
    95.42203147353362,
    95.85121602288984,
    96.56652360515021,
    97.99713876967095,
    97.71101573676681,
    97.99713876967095,
    98.99856938483548,
    98.42632331902718,
    99.85693848354792,
    99.71387696709586
  ],
  "val_loss": [
    2.250444030761719,
    2.039114761352539,
    1.8464026212692262,
    1.7352782011032104,
    1.6732530355453492,
    1.8203809261322021,
    1.8917722940444945,
    1.6634958744049073,
    1.5237175941467285,
    1.455289936065674,
    1.4570179224014281,
    1.5489560127258302,
    1.4042563438415527,
    1.3287096738815307,
    1.4528340578079224,
    1.3223294258117675,
    1.329660415649414,
    1.3129218578338624,
    1.2921722650527954,
    1.2863560438156127,
    1.4113654613494873,
    1.5215683460235596,
    1.395076084136963,
    1.9083016872406007,
    1.4393961429595947,
    1.780351710319519,
    1.4248063802719115,
    1.7102987051010132,
    1.867840313911438,
    1.5581088066101074,
    1.3874703884124755,
    1.8447098016738892,
    1.469592547416687,
    1.458849811553955,
    1.4421727180480957,
    1.3717114925384521,
    1.47950279712677,
    1.4258004188537599,
    1.4217071771621703,
    1.4296244382858276,
    1.9687160015106202,
    1.7676122426986693,
    1.7718294382095336,
    1.9013656616210937,
    1.7954171180725098,
    2.038423681259155,
    1.7662253856658936,
    1.6847103595733643,
    1.6887566328048706,
    1.5198189258575439,
    1.340571403503418,
    1.5580747842788696,
    1.382113766670227,
    1.3697884559631348,
    1.3755925178527832,
    1.3823661804199219,
    1.4219942569732666,
    1.364558219909668,
    1.368697166442871,
    1.3634571790695191,
    1.9027603387832641,
    2.6178159713745117,
    1.6482089519500733,
    1.6537943124771117,
    1.792809295654297,
    1.7250452518463135,
    1.721554708480835,
    1.5854731798171997,
    1.5170644760131835,
    1.8243266105651856,
    1.6756376028060913,
    1.43869948387146,
    1.4354752779006958,
    1.3854542255401612,
    1.4524940252304077,
    1.347063708305359
  ],
  "val_acc": [
    26.666666666666668,
    26.0,
    34.666666666666664,
    37.333333333333336,
    40.0,
    37.333333333333336,
    42.666666666666664,
    38.666666666666664,
    52.666666666666664,
    54.666666666666664,
    54.666666666666664,
    49.333333333333336,
    56.666666666666664,
    64.66666666666667,
    60.0,
    60.666666666666664,
    61.333333333333336,
    60.0,
    65.33333333333333,
    64.0,
    62.666666666666664,
    56.666666666666664,
    63.333333333333336,
    45.333333333333336,
    60.0,
    46.0,
    60.666666666666664,
    51.333333333333336,
    47.333333333333336,
    62.666666666666664,
    66.0,
    55.333333333333336,
    62.666666666666664,
    63.333333333333336,
    62.0,
    65.33333333333333,
    62.0,
    63.333333333333336,
    64.0,
    65.33333333333333,
    49.333333333333336,
    50.666666666666664,
    55.333333333333336,
    50.666666666666664,
    52.0,
    52.666666666666664,
    54.0,
    59.333333333333336,
    56.666666666666664,
    64.0,
    70.0,
    60.666666666666664,
    67.33333333333333,
    69.33333333333333,
    66.0,
    64.66666666666667,
    67.33333333333333,
    66.66666666666667,
    66.0,
    66.66666666666667,
    50.0,
    46.0,
    56.666666666666664,
    59.333333333333336,
    56.0,
    55.333333333333336,
    56.666666666666664,
    58.666666666666664,
    64.66666666666667,
    49.333333333333336,
    55.333333333333336,
    63.333333333333336,
    66.0,
    66.66666666666667,
    64.0,
    68.66666666666667
  ]
}