{
  "train_acc": [
    16.452074391988557,
    20.031796502384736,
    26.86804451510334,
    25.766871165644172,
    33.537832310838446,
    38.85480572597137,
    39.263803680981596,
    38.902147971360385,
    45.10739856801909,
    46.062052505966584,
    43.436754176610975,
    47.01670644391408,
    50.83532219570406,
    48.68735083532219,
    53.937947494033416,
    56.801909307875896,
    55.30085959885387,
    64.756446991404,
    64.46991404011462,
    64.46991404011462,
    64.756446991404,
    70.77363896848138,
    67.3352435530086,
    67.0487106017192,
    70.96774193548387,
    80.28673835125448,
    79.90430622009569,
    86.1244019138756,
    88.03827751196172,
    91.38755980861244,
    30.0,
    38.57142857142857,
    62.857142857142854,
    95.71428571428571
  ],
  "val_acc": [
    17.333333333333332,
    28.666666666666668,
    36.0,
    58.0,
    54.0,
    51.333333333333336,
    55.333333333333336,
    59.333333333333336,
    62.0,
    58.666666666666664,
    64.0,
    64.66666666666667,
    72.0,
    64.66666666666667,
    68.66666666666667,
    68.66666666666667,
    75.33333333333333,
    75.33333333333333,
    74.66666666666667,
    75.33333333333333,
    80.66666666666667,
    76.0,
    78.0,
    74.66666666666667,
    81.33333333333333,
    81.33333333333333,
    84.66666666666667,
    86.0,
    84.66666666666667,
    88.66666666666667,
    86.0,
    86.0,
    90.66666666666667,
    93.33333333333333
  ],
  "graduated": [
    1,
    1,
    3,
    3,
    3,
    3,
    4,
    4,
    4,
    4,
    4,
    4,
    4,
    4,
    4,
    5,
    5,
    5,
    5,
    5,
    5,
    5,
    5,
    6,
    6,
    7,
    7,
    7,
    7,
    9,
    9,
    9,
    9,
    10
  ],
  "struggling": [
    0,
    0,
    0,
    0,
    0,
    0,
    0,
    0,
    0,
    0,
    0,
    0,
    0,
    0,
    0,
    0,
    0,
    0,
    0,
    0,
    0,
    0,
    0,
    0,
    0,
    0,
    0,
    0,
    0,
    0,
    0,
    0,
    0,
    0
  ]
}