{
  "mean": -1.1682252883911133,
  "std": 65.66531372070312,
  "epsilon": 1e-08
}