{
  "train_loss": [
    2.2123252099210564,
    2.028538476337086,
    1.9896880008957603,
    1.907690541310744,
    1.8897209221666509,
    1.8559708324345676,
    1.819351613521576,
    1.8086522275751287,
    1.7665631798180668,
    1.6729739687659524,
    1.6686076115478168,
    1.6850232021375136,
    1.600411287762902,
    1.5296984938057987,
    1.5283708274364471,
    1.525703332640908,
    1.4603998850692401,
    1.4060160449960015,
    1.440426921302622,
    1.44503945925019,
    1.7388885563070124,
    1.7272392782298,
    1.6599309336055408,
    1.6536333046176217,
    1.5861739001490853,
    1.625824123620987,
    1.5331123254515908,
    1.5791073495691472,
    1.5180974277583035,
    1.5407757623629137,
    1.5133850032633,
    1.4364819824695587,
    1.4325891462239353,
    1.4706973880529404,
    1.4092498150738804,
    1.366307872262868,
    1.365701136263934,
    1.3276058232242411,
    1.3463453365997835,
    1.2172495898875324,
    1.223270596428351,
    1.2585854340683331,
    1.1562960283322767,
    1.1084323728626424,
    1.1453803113915704,
    1.066185700622472,
    1.2174111997539347,
    1.1287981813604182,
    1.0497762195088647,
    1.098652178590948,
    1.0339607948606664,
    1.0496526848186145,
    0.9048911292444576,
    1.0244881199164824,
    0.9836343960328535,
    0.9201108420437033,
    1.0107851150360974,
    0.9699269126762043,
    0.88569337265058,
    0.964767487211661,
    1.1996579739180477,
    1.2492659051309933,
    1.1917800375006415,
    1.1755952902815558,
    1.2159495123408057,
    1.1591631905599074,
    1.1586972366679797,
    1.1500811752947895,
    1.1133091232993386,
    1.215479078617963,
    1.1012558219107715,
    1.0507738942449742,
    1.077054656364701,
    1.1331723494963213,
    1.1152374893426895,
    0.9982892315496098,
    0.9875091233036735,
    1.1750904524868184,
    0.9754531261595812,
    1.0659355765039271,
    1.0069042024287311,
    0.9864424101331017,
    0.9736242185939442,
    1.0063487643545324,
    0.9211914295499976,
    0.8579564988613129,
    0.9689862755211917,
    0.9568367776545611,
    0.899855226278305,
    0.9318414750424299,
    0.8359098867936567,
    0.871403304013339,
    0.7532670077952471,
    0.9160247174176303
  ],
  "train_acc": [
    18.59799713876967,
    25.321888412017167,
    28.898426323319025,
    29.89985693848355,
    27.32474964234621,
    27.467811158798284,
    30.32904148783977,
    33.47639484978541,
    33.19027181688126,
    40.772532188841204,
    42.77539341917024,
    39.34191702432046,
    43.347639484978544,
    49.64234620886982,
    47.4964234620887,
    47.4964234620887,
    43.06151645207439,
    47.92560801144492,
    49.64234620886982,
    47.92560801144492,
    39.62804005722461,
    37.911301859799714,
    39.77110157367668,
    45.06437768240343,
    40.772532188841204,
    42.63233190271817,
    48.497854077253216,
    47.21030042918455,
    45.493562231759654,
    42.20314735336195,
    45.20743919885551,
    50.92989985693848,
    55.937052932761084,
    46.78111587982833,
    49.64234620886982,
    53.50500715307582,
    56.223175965665234,
    50.35765379113018,
    51.359084406294706,
    62.374821173104436,
    58.0829756795422,
    60.65808297567954,
    56.509298998569385,
    55.50786838340486,
    62.374821173104436,
    68.81258941344778,
    63.6623748211731,
    64.2346208869814,
    65.52217453505007,
    55.50786838340486,
    73.10443490701002,
    66.23748211731045,
    74.8211731044349,
    65.09298998569385,
    68.81258941344778,
    70.10014306151645,
    73.67668097281832,
    75.10729613733906,
    64.37768240343348,
    64.2346208869814,
    58.94134477825465,
    60.08583690987125,
    64.94992846924177,
    61.659513590844064,
    60.08583690987125,
    55.79399141630901,
    56.36623748211731,
    61.37339055793991,
    64.94992846924177,
    52.36051502145923,
    63.51931330472103,
    58.94134477825465,
    68.09728183118742,
    59.94277539341917,
    60.80114449213162,
    69.67095851216023,
    61.23032904148784,
    63.94849785407725,
    69.95708154506438,
    68.81258941344778,
    62.51788268955651,
    74.8211731044349,
    71.10157367668097,
    59.370529327610875,
    72.1030042918455,
    74.53505007153076,
    68.38340486409156,
    68.81258941344778,
    68.95565092989986,
    70.3862660944206,
    85.4077253218884,
    68.81258941344778,
    84.12017167381974,
    64.2346208869814
  ],
  "val_loss": [
    2.8610140919685363,
    2.5275028705596925,
    1.9691194772720337,
    2.73695912361145,
    2.3446079969406126,
    1.9528863787651063,
    1.781706190109253,
    2.3670387148857115,
    1.6360853791236878,
    1.884169864654541,
    1.6376932263374329,
    1.6022324323654176,
    1.4282898545265197,
    1.5011412620544433,
    1.4519129991531372,
    1.3748127222061157,
    1.3772541522979735,
    1.3737781286239623,
    1.3916649222373962,
    1.4039941072463988,
    2.0558453798294067,
    1.9103689432144164,
    2.112411904335022,
    1.7392117977142334,
    1.801994800567627,
    2.332222104072571,
    1.8001371502876282,
    1.6177760124206544,
    1.9531813144683838,
    1.482942271232605,
    1.368866467475891,
    1.7698755145072937,
    1.71247056722641,
    1.6447142958641052,
    1.5224709272384644,
    1.6385765552520752,
    1.8403541684150695,
    1.6616047859191894,
    1.3756486415863036,
    1.4294285774230957,
    1.3058130025863648,
    1.397950780391693,
    1.312250804901123,
    1.2739328145980835,
    1.2223345041275024,
    1.2555103957653047,
    1.3012621402740479,
    1.2783490300178528,
    1.2598642706871033,
    1.202006846666336,
    1.2044191181659698,
    1.1741036295890808,
    1.1938036680221558,
    1.1305119693279266,
    1.1454950332641602,
    1.1691668450832366,
    1.1941542148590087,
    1.1861008942127227,
    1.1562747478485107,
    1.1587441444396973,
    1.5064179062843324,
    1.4582867085933686,
    1.4904510378837585,
    1.6080116987228394,
    1.3026806354522704,
    1.4801675081253052,
    1.3551822423934936,
    1.6192911863327026,
    1.6792212009429932,
    1.3389054119586945,
    1.7796211957931518,
    1.4262066960334778,
    1.478116774559021,
    1.423477876186371,
    1.300045382976532,
    1.5851272344589233,
    1.4141212940216064,
    1.5701569318771362,
    1.515989112854004,
    1.4284889578819275,
    1.4366677343845367,
    1.7895218491554261,
    1.360105562210083,
    1.3179931402206422,
    1.3840105772018432,
    1.4937302231788636,
    1.2824785709381104,
    1.354312539100647,
    1.4083047389984131,
    1.329176938533783,
    1.3948208332061767,
    1.190699541568756,
    1.3471437215805053,
    1.3835041165351867
  ],