{
  "mean": -41.068241119384766,
  "std": 15.422502517700195,
  "epsilon": 1e-08
}